'Wednesday, May 19', Upstairs
'Thursday, May 20', Downstairs
'Friday, May 21', Upstairs
'Saturday, May 22', Downstairs
'Sunday, May 23', Upstairs
'Monday, May 24', Downstairs
'Tuesday, May 25', Upstairs
'Wednesday, May 26', Downstairs
'Thursday, May 27', Upstairs
'Friday, May 28', Downstairs
'Saturday, May 29', Upstairs
'Sunday, May 30', Downstairs
'Monday, May 31', Upstairs
'Tuesday, June 01', Downstairs
'Wednesday, June 02', Upstairs
'Thursday, June 03', Downstairs
'Friday, June 04', Upstairs
'Saturday, June 05', Downstairs
'Sunday, June 06', Upstairs
'Monday, June 07', Downstairs
'Tuesday, June 08', Upstairs
'Wednesday, June 09', Downstairs
'Thursday, June 10', Upstairs
'Friday, June 11', Downstairs
'Saturday, June 12', Upstairs
'Sunday, June 13', Downstairs
'Monday, June 14', Upstairs
'Tuesday, June 15', Downstairs
'Wednesday, June 16', Upstairs
'Thursday, June 17', Downstairs
'Friday, June 18', Upstairs
'Saturday, June 19', Downstairs
'Sunday, June 20', Upstairs
'Monday, June 21', Downstairs
'Tuesday, June 22', Upstairs
'Wednesday, June 23', Downstairs
'Thursday, June 24', Upstairs
'Friday, June 25', Downstairs
'Saturday, June 26', Upstairs
'Sunday, June 27', Downstairs
'Monday, June 28', Upstairs
'Tuesday, June 29', Downstairs
'Wednesday, June 30', Upstairs
'Thursday, July 01', Downstairs
'Friday, July 02', Upstairs
'Saturday, July 03', Downstairs
'Sunday, July 04', Upstairs
'Monday, July 05', Downstairs
'Tuesday, July 06', Upstairs
'Wednesday, July 07', Downstairs
'Thursday, July 08', Upstairs
'Friday, July 09', Downstairs
'Saturday, July 10', Upstairs
'Sunday, July 11', Downstairs
'Monday, July 12', Upstairs
'Tuesday, July 13', Downstairs
'Wednesday, July 14', Upstairs
'Thursday, July 15', Downstairs
'Friday, July 16', Upstairs
'Saturday, July 17', Downstairs
'Sunday, July 18', Upstairs
'Monday, July 19', Downstairs
'Tuesday, July 20', Upstairs
'Wednesday, July 21', Downstairs
'Thursday, July 22', Upstairs
'Friday, July 23', Downstairs
'Saturday, July 24', Upstairs
'Sunday, July 25', Downstairs
'Monday, July 26', Upstairs
'Tuesday, July 27', Downstairs
'Wednesday, July 28', Upstairs
'Thursday, July 29', Downstairs
'Friday, July 30', Upstairs
'Saturday, July 31', Downstairs
'Sunday, August 01', Upstairs
