Gallery,Area,Item,Day,Tray
IW,Go Zone,Kinnex pieces,Friday,Custom
Splash,Science Sub,Plastic bottles,Friday,Pronged
Splash,Science Sub,Magnets,Friday,Pronged
Splash,Science Sub,Tongs,Friday,Pronged
Splash,Seedlings,Plastic Rocks,Friday,Flat
Splash,Seedlings,Flower Pots,Friday,Flat
Kid Grid,Kid Grid,Vinyl buckets,Saturday,Pronged
P2P,Healthy Kitchen,plastic food,Saturday,Flat
P2P,Healthy Kitchen,pots and pans,Saturday,Pronged
P2P,Healthy Kitchen,plates,Saturday,Pronged
P2P,Healthy Kitchen,cutting boards,Saturday,Pronged
P2P,Healthy Kitchen,Salad Spinner bowls,Saturday,Flat
STEMo,,Duplo/Lego Bricks,Saturday,Custom
STEMo,,Tower Discs,Saturday,Flat
STEMo,,Magnet building toys,Saturday,Flat
AT,Pet Vet,Food Bowls,Sunday,Pronged
AT,Pet Vet,Syringes,Sunday,Flat
AT,Pet Vet,Tweezers,Sunday,Flat
AT,Pet Vet,Combs,Sunday,Flat
AT,Ambulance,Babies,Sunday,Flat
AT,Ambulance,Reflex Hammers,Sunday,Flat
AT,RSS,Light Table Pieces,Sunday,Flat
AT,RSS,Hard Sensory Items,Sunday,Flat
AT,Kitchen,Plates,Sunday,Pronged
AT,Kitchen,Cutting Boards,Sunday,Pronged
AT,Kitchen,Ice Cube Trays,Sunday,Pronged
AT,Kitchen,Cooking Sheets,Sunday,Pronged
AT,Kitchen,Cooking Untensils,Sunday,Flat
AT,Kitchen,Pots/Pans,Sunday,Flat
AT,Kitchen,Bowls,Sunday,Flat
AT,Kitchen,Flour/Sugar bins,Sunday,Flat
AT,Kitchen,Measuring cups,Sunday,Flat
AT,Kitchen,Silicone trivits,Sunday,Flat
AT,Grocery Store,Plastic Protiens,Sunday,Flat
AT,Grocery Store,Plastic Veggies,Sunday,Flat
AT,Grocery Store,Plastic Grains,Sunday,Flat
AT,Grocery Store,Plastic Fruits,Sunday,Flat
AT,Peek-a-boo Bay,Hard plastic toys,Sunday,Flat
AT,On the Farm,Scoops,Sunday,Flat
AT,On the Farm,Eggs,Sunday,Flat
AT,On the Farm,Red Combs,Sunday,Flat
AT,On the Farm,Red Pails,Sunday,Flat
AT,On the Farm,Milking bottles,Sunday,Flat
AT,On the Farm,Mini Barm Animals,Sunday,Flat
HTT,Campfire,Blue dishes,Thursday,Pronged
HTT,Campfire,Rocks,Thursday,Flat
Kids Way,Checkers,Checkers Pieces,Thursday,Flat
Kids Way,Mancala,Mancala Pieces,Thursday,Flat
Kids Way,Kerplunk,Kerplunk Balls,Thursday,Flat
Kids Way,Sjoelbak,Sjoelbak Pieces,Thursday,Flat
MP,Pollys,Brushes/combs,Wednesday,Flat
MP,Pollys,Dog Toys,Wednesday,Flat
MP,Lemonade,Spoons,Wednesday,Flat
MP,Lemonade,Collanders,Wednesday,Flat
MP,Lemonade,Pitchers,Wednesday,Pronged
MP,Lemonade,Cups,Wednesday,Pronged
MP,Vitos,Pizza Pans,Wednesday,Pronged
